{"cameraMode":{"drawMode":0,"name":"Shaded","section":"Shading Mode"},"sceneLighting":true,"audioPlay":false,"sceneViewState":{"m_AlwaysRefresh":false,"showFog":true,"showSkybox":true,"showFlares":true,"showImageEffects":true,"showParticleSystems":true,"showVisualEffectGraphs":true,"m_FxEnabled":true},"in2DMode":false,"pivot":{"x":49.96320724487305,"y":-22.77157211303711,"z":74.74983978271485},"rotation":{"x":0.024061832576990129,"y":0.9548979997634888,"z":-0.28475549817085268,"w":0.08069007098674774},"size":136.03721618652345,"orthographic":false}